Workbook

Sheet 00_Settings
A1: VillageOS | Settings
A3: Key | B3: Value
A4: Account Name | B4: Swayam
A5: Tribe | B5: Gauls
A6: Server Speed | B6: 3
A7: Gold Strategy | B7: Light Gold
A8: Timezone | B8: GMT+5:30
A9: Server Start Date | B9: 2026-07-01
A10: Current Village | B10: Capital 01
A11: Capital Coordinates | B11: (0|0)
A12: Target Expansion Slot | B12: 2

Sheet 01_Dashboard
A1: VillageOS | Dashboard
B4: Active Profile | F4: Settlement ETA
B5: ='00_Settings'!B4 & " (x" & '00_Settings'!B6 & ")" | F5: ='05_Culture'!B8
B7: Wood Status
B8: ='03_Resources'!B4 & " / " & '03_Resources'!D4
B9: ='03_Resources'!C4 & "/hr"
E11: Clay Status
E12: ='03_Resources'!E4 & " / " & '03_Resources'!G4
E13: ='03_Resources'!F4 & "/hr"
H15: Iron Status
H16: ='03_Resources'!H4 & " / " & '03_Resources'!J4
H17: ='03_Resources'!I4 & "/hr"
K19: Crop Status
K20: ='03_Resources'!K4 & " / " & '03_Resources'!M4
K21: ='03_Resources'!L4 & "/hr"

Sheet 02_Village_Data
A1: VillageOS | Village Data
A3: Village ID | B3: Category | C3: Slot ID | D3: Building Name | E3: Current Level | F3: Target Level | G3: Priority
A4: 1 | B4: d2 | C4: 1 | D4: Woodcutter | E4: 4 | F4: 10 | G4: 5
A5: 1 | B5: d2 | C5: 2 | D5: Clay Pit | E5: 5 | F5: 10 | G5: 5
A6: 1 | B6: d2 | C6: 3 | D6: Iron Mine | E6: 4 | F6: 10 | G6: 4
A7: 1 | B7: d2 | C7: 4 | D7: Cropland | E7: 4 | F7: 10 | G7: 5
A8: 1 | B8: d1 | C8: 19 | D8: Main Building | E8: 5 | F8: 10 | G8: 3
A9: 1 | B9: d1 | C9: 20 | D9: Warehouse | E9: 3 | F9: 5 | G9: 4
A10: 1 | B10: d1 | C10: 21 | D10: Granary | E10: 3 | F10: 5 | G10: 4

Sheet 03_Resources
A1: VillageOS | Resources
A3: Village ID | B3: Wood Current | C3: Wood Prod | D3: Wood Cap | E3: Clay Current | F3: Clay Prod | G3: Clay Cap | H3: Iron Current | I3: Iron Prod | J3: Iron Cap | K3: Crop Current | L3: Crop Prod | M3: Crop Cap
A4: 1 | B4: 12000 | C4: 420 | D4: 20000 | E4: 14500 | F4: 480 | G4: 20000 | H4: 6200 | I4: 320 | J4: 20000 | K4: 1500 | L4: 120 | M4: 20000

Sheet 04_Hero
A1: VillageOS | Hero
A3: Attribute | B3: Value
A4: Hero Name | B4: Jack_Slayer
A5: Level | B5: 6
A6: Current XP | B6: 1850
A7: Next Level XP | B7: 2500
A8: Health % | B8: 85
A9: Fighting Strength | B9: 480
A10: Resource Production Bonus % | B10: 24
A11: Active Weapon | B11: Sword of the Gaul
A12: Active Armor | B12: Plated Chestplate
A13: Adventures Run | B13: 12
A14: Current Status | B14: Idle

Sheet 05_Culture
A1: VillageOS | Culture
A3: Metric | B3: Value
A4: Current CP | B4: 423
A5: CP / Day | B5: 120
A6: Next Slot CP Goal | B6: 2000
A7: Days Until Expansion | B7: =(B6-B4)/B5
A8: Settlement Date ETA | B8: =TODAY()+B7

Sheet 06_Build_Planner
A1: VillageOS | Build Planner
A3: Status | B3: Village | C3: Building | D3: Level | E3: Time Required (s) | F3: Wood Cost | G3: Clay Cost | H3: Iron Cost | I3: Crop Cost
A4: NOW | B4: Capital 01 | C4: Clay Pit | D4: 6 | E4: =ROUND((VLOOKUP(C4, Calculations_Lookup!$A$4:$H$20, 8, FALSE) * 1.5) / '00_Settings'!B6 * (0.96 ^ VLOOKUP("Main Building", '02_Village_Data'!$D$4:$F$10, 2, FALSE))) | F4: =ROUND(VLOOKUP(C4, Calculations_Lookup!$A$4:$H$20, 2, FALSE) * (1.28 ^ (D4 - 1))) | G4: =ROUND(VLOOKUP(C4, Calculations_Lookup!$A$4:$H$20, 3, FALSE) * (1.28 ^ (D4 - 1))) | H4: =ROUND(VLOOKUP(C4, Calculations_Lookup!$A$4:$H$20, 4, FALSE) * (1.28 ^ (D4 - 1))) | I4: =ROUND(VLOOKUP(C4, Calculations_Lookup!$A$4:$H$20, 5, FALSE) * (1.28 ^ (D4 - 1)))

Sheet 07_Raid_Planner
A1: VillageOS | Raid Planner
A3: Oasis Coordinates | B3: Distance (Cells) | C3: Animals Present | D3: Loot Capacity | E3: HP Loss % | F3: ROI Score
A4: (-4|12) | B4: 3.6 | C4: None | D4: 800 | E4: 2 | F4: =D4/(B4+1)
A5: (2|-8) | B5: 8.2 | C5: Spiders | D5: 1500 | E5: 15 | F5: =D5/(B5+1)
A6: (-1|1) | B6: 1.4 | C6: Bats | D6: 400 | E6: 5 | F6: =D6/(B6+1)

Sheet 08_Map_Planner
A1: VillageOS | Map Planner
A3: Coordinates | B3: Distance | C3: Cropper Type | D3: Oasis Bonus % | E3: Owner | F3: Priority Score
A4: (12|-4) | B4: 12.6 | C4: 15c | D4: 75 | E4: Unoccupied | F4: =D4/(B4+1)
A5: (-10|2) | B5: 10.2 | C5: 9c | D5: 50 | E5: Unoccupied | F5: =D5/(B5+1)
A6: (1|15) | B6: 15 | C6: 15c | D6: 100 | E6: Unoccupied | F6: =D6/(B6+1)

Sheet 09_Daily_Log
A1: VillageOS | Daily Log
A3: Date | B3: Population | C3: Hero Level | D3: Wood Prod | E3: Clay Prod | F3: Iron Prod | G3: Crop Prod | H3: Total CP | I3: Rank
A4: 2026-07-01 | B4: 100 | C4: 1 | D4: 100 | E4: 100 | F4: 80 | G4: 20 | H4: 40 | I4: 2400
A5: 2026-07-02 | B5: 112 | C5: 2 | D5: 140 | E5: 140 | F5: 110 | G5: 25 | H5: 80 | I5: 2250
A6: 2026-07-03 | B6: 124 | C6: 2 | D6: 190 | E6: 195 | F6: 150 | G6: 30 | H6: 130 | I6: 2100

Sheet 10_AI_Analysis
A1: VillageOS | AI Analysis
A3: Today's Recommendations
A4: Priority | B4: Recommended Action | C4: Reason | D4: ETA / Wait Time | E4: Benefit Metric
A5: ★★★★★ | B5: Upgrade Clay Pit to 6 | C5: Highest ROI | D5: Ready in 42m | E5: +48 Clay/hr
A6: ★★★★★ | B6: Run Adventure | C6: Hero Idle & Ready | D6: Immediate | E6: Expected XP & Items
A7: ★★★★☆ | B7: Build Marketplace Lvl 1 | C7: Unlock Trade Options | D7: 12m 40s | E7: Enables trade routes
A8: ★★★★☆ | B8: Attack Oasis (-4|12) | C8: Highest Raid ROI | D8: 35m travel | E8: Expected 800 resources

Sheet Calculations_Lookup
A1: VillageOS | culations Lookup
A3: Building Name | B3: Base Wood | C3: Base Clay | D3: Base Iron | E3: Base Crop | F3: Base Pop | G3: Base CP | H3: Base Time (s)
A4: Woodcutter | B4: 40 | C4: 100 | D4: 50 | E4: 60 | F4: 2 | G4: 1 | H4: 300
A5: Clay Pit | B5: 120 | C5: 40 | D5: 80 | E5: 80 | F5: 2 | G5: 1 | H5: 300
A6: Iron Mine | B6: 100 | C6: 80 | D6: 40 | E6: 60 | F6: 2 | G6: 1 | H6: 360
A7: Cropland | B7: 70 | C7: 90 | D7: 70 | E7: 20 | F7: 0 | G7: 1 | H7: 260
A8: Main Building | B8: 70 | C8: 40 | D8: 60 | E8: 20 | F8: 2 | G8: 2 | H8: 330
A9: Warehouse | B9: 130 | C9: 160 | D9: 90 | E9: 40 | F9: 1 | G9: 1 | H9: 380
A10: Granary | B10: 80 | C10: 100 | D10: 70 | E10: 120 | F10: 1 | G10: 1 | H10: 310
A11: Academy | B11: 220 | C11: 160 | D11: 90 | E11: 40 | F11: 4 | G11: 4 | H11: 450
A12: Barracks | B12: 70 | C12: 120 | D12: 100 | E12: 80 | F12: 4 | G12: 1 | H12: 320
